<?xml version="1.0" encoding="UTF-8"?>
<!DOCTYPE plist PUBLIC "-//Apple//DTD PLIST 1.0//EN" "http://www.apple.com/DTDs/PropertyList-1.0.dtd">
<plist version="1.0">
<dict>
	<key>LayoutID</key>
	<integer>17</integer>
	<key>PathMapRef</key>
	<array>
		<dict>
			<key>CodecID</key>
			<array>
				<integer>283902550</integer>
			</array>
			<key>Headphone</key>
			<dict>
				<key>DefaultVolume</key>
				<integer>4292870144</integer>
				<key>Headset_dBV</key>
				<integer>3239051264</integer>
			</dict>
			<key>Inputs</key>
			<array>
				<string>Mic</string>
				<string>LineIn</string>
			</array>
			<key>IntSpeaker</key>
			<dict>
				<key>AmpPostDelay</key>
				<integer>150</integer>
				<key>AmpPreDelay</key>
				<integer>150</integer>
				<key>MaximumBootBeepValue</key>
				<integer>64</integer>
				<key>SignalProcessing</key>
				<dict>
					<key>SoftwareDSP</key>
					<dict>
						<key>DspFunction0</key>
						<dict>
							<key>FunctionInfo</key>
							<dict>
								<key>DspFuncInstance</key>
								<integer>0</integer>
								<key>DspFuncName</key>
								<string>DspEqualization32</string>
								<key>DspFuncProcessingIndex</key>
								<integer>0</integer>
							</dict>
							<key>ParameterInfo</key>
							<dict>
								<key>1</key>
								<integer>0</integer>
								<key>9</key>
								<integer>0</integer>
								<key>Filter</key>
								<array>
									<dict>
										<key>2</key>
										<integer>0</integer>
										<key>3</key>
										<integer>0</integer>
										<key>4</key>
										<integer>0</integer>
										<key>5</key>
										<integer>1</integer>
										<key>6</key>
										<integer>1120342084</integer>
										<key>7</key>
										<integer>1060439283</integer>
										<key>8</key>
										<integer>-1069504319</integer>
									</dict>
									<dict>
										<key>2</key>
										<integer>0</integer>
										<key>3</key>
										<integer>3</integer>
										<key>4</key>
										<integer>0</integer>
										<key>5</key>
										<integer>4</integer>
										<key>6</key>
										<integer>1120578803</integer>
										<key>7</key>
										<integer>1066592442</integer>
										<key>8</key>
										<integer>1072451269</integer>
									</dict>
									<dict>
										<key>2</key>
										<integer>0</integer>
										<key>3</key>
										<integer>4</integer>
										<key>4</key>
										<integer>0</integer>
										<key>5</key>
										<integer>4</integer>
										<key>6</key>
										<integer>1137158754</integer>
										<key>7</key>
										<integer>1080484002</integer>
										<key>8</key>
										<integer>-1085023055</integer>
									</dict>
									<dict>
										<key>2</key>
										<integer>0</integer>
										<key>3</key>
										<integer>7</integer>
										<key>4</key>
										<integer>0</integer>
										<key>5</key>
										<integer>4</integer>
										<key>6</key>
										<integer>1132621646</integer>
										<key>7</key>
										<integer>1075450614</integer>
										<key>8</key>
										<integer>-1077168470</integer>
									</dict>
									<dict>
										<key>2</key>
										<integer>0</integer>
										<key>3</key>
										<integer>9</integer>
										<key>4</key>
										<integer>0</integer>
										<key>5</key>
										<integer>4</integer>
										<key>6</key>
										<integer>1147963865</integer>
										<key>7</key>
										<integer>1082954312</integer>
										<key>8</key>
										<integer>-1059723725</integer>
									</dict>
									<dict>
										<key>2</key>
										<integer>0</integer>
										<key>3</key>
										<integer>10</integer>
										<key>4</key>
										<integer>0</integer>
										<key>5</key>
										<integer>4</integer>
										<key>6</key>
										<integer>1143804849</integer>
										<key>7</key>
										<integer>1087928450</integer>
										<key>8</key>
										<integer>-1078236516</integer>
									</dict>
									<dict>
										<key>2</key>
										<integer>0</integer>
										<key>3</key>
										<integer>12</integer>
										<key>4</key>
										<integer>0</integer>
										<key>5</key>
										<integer>4</integer>
										<key>6</key>
										<integer>1141076009</integer>
										<key>7</key>
										<integer>1083553500</integer>
										<key>8</key>
										<integer>-1089295238</integer>
									</dict>
									<dict>
										<key>2</key>
										<integer>0</integer>
										<key>3</key>
										<integer>16</integer>
										<key>4</key>
										<integer>0</integer>
										<key>5</key>
										<integer>4</integer>
										<key>6</key>
										<integer>1176405132</integer>
										<key>7</key>
										<integer>1104273847</integer>
										<key>8</key>
										<integer>-1064262919</integer>
									</dict>
									<dict>
										<key>2</key>
										<integer>0</integer>
										<key>3</key>
										<integer>26</integer>
										<key>4</key>
										<integer>0</integer>
										<key>5</key>
										<integer>4</integer>
										<key>6</key>
										<integer>1165441287</integer>
										<key>7</key>
										<integer>1077894442</integer>
										<key>8</key>
										<integer>-1075032379</integer>
									</dict>
									<dict>
										<key>2</key>
										<integer>0</integer>
										<key>3</key>
										<integer>29</integer>
										<key>4</key>
										<integer>0</integer>
										<key>5</key>
										<integer>4</integer>
										<key>6</key>
										<integer>1183277223</integer>
										<key>7</key>
										<integer>1091264682</integer>
										<key>8</key>
										<integer>-1044982471</integer>
									</dict>
									<dict>
										<key>2</key>
										<integer>0</integer>
										<key>3</key>
										<integer>31</integer>
										<key>4</key>
										<integer>0</integer>
										<key>5</key>
										<integer>0</integer>
										<key>6</key>
										<integer>1183707213</integer>
										<key>7</key>
										<integer>1060439283</integer>
										<key>8</key>
										<integer>-1069504319</integer>
									</dict>
									<dict>
										<key>2</key>
										<integer>1</integer>
										<key>3</key>
										<integer>0</integer>
										<key>4</key>
										<integer>0</integer>
										<key>5</key>
										<integer>1</integer>
										<key>6</key>
										<integer>1120342084</integer>
										<key>7</key>
										<integer>1060439283</integer>
										<key>8</key>
										<integer>-1069504319</integer>
									</dict>
									<dict>
										<key>2</key>
										<integer>1</integer>
										<key>3</key>
										<integer>3</integer>
										<key>4</key>
										<integer>0</integer>
										<key>5</key>
										<integer>4</integer>
										<key>6</key>
										<integer>1120578803</integer>
										<key>7</key>
										<integer>1066592442</integer>
										<key>8</key>
										<integer>1072451269</integer>
									</dict>
									<dict>
										<key>2</key>
										<integer>1</integer>
										<key>3</key>
										<integer>4</integer>
										<key>4</key>
										<integer>0</integer>
										<key>5</key>
										<integer>4</integer>
										<key>6</key>
										<integer>1137158754</integer>
										<key>7</key>
										<integer>1080484002</integer>
										<key>8</key>
										<integer>-1085023055</integer>
									</dict>
									<dict>
										<key>2</key>
										<integer>1</integer>
										<key>3</key>
										<integer>7</integer>
										<key>4</key>
										<integer>0</integer>
										<key>5</key>
										<integer>4</integer>
										<key>6</key>
										<integer>1132621646</integer>
										<key>7</key>
										<integer>1075450614</integer>
										<key>8</key>
										<integer>-1077168470</integer>
									</dict>
									<dict>
										<key>2</key>
										<integer>1</integer>
										<key>3</key>
										<integer>9</integer>
										<key>4</key>
										<integer>0</integer>
										<key>5</key>
										<integer>4</integer>
										<key>6</key>
										<integer>1147963865</integer>
										<key>7</key>
										<integer>1082954312</integer>
										<key>8</key>
										<integer>-1059723725</integer>
									</dict>
									<dict>
										<key>2</key>
										<integer>1</integer>
										<key>3</key>
										<integer>10</integer>
										<key>4</key>
										<integer>0</integer>
										<key>5</key>
										<integer>4</integer>
										<key>6</key>
										<integer>1143804849</integer>
										<key>7</key>
										<integer>1087928450</integer>
										<key>8</key>
										<integer>-1078236516</integer>
									</dict>
									<dict>
										<key>2</key>
										<integer>1</integer>
										<key>3</key>
										<integer>12</integer>
										<key>4</key>
										<integer>0</integer>
										<key>5</key>
										<integer>4</integer>
										<key>6</key>
										<integer>1141076009</integer>
										<key>7</key>
										<integer>1083553500</integer>
										<key>8</key>
										<integer>-1089295238</integer>
									</dict>
									<dict>
										<key>2</key>
										<integer>1</integer>
										<key>3</key>
										<integer>16</integer>
										<key>4</key>
										<integer>0</integer>
										<key>5</key>
										<integer>4</integer>
										<key>6</key>
										<integer>1176405132</integer>
										<key>7</key>
										<integer>1104273847</integer>
										<key>8</key>
										<integer>-1064262919</integer>
									</dict>
									<dict>
										<key>2</key>
										<integer>1</integer>
										<key>3</key>
										<integer>26</integer>
										<key>4</key>
										<integer>0</integer>
										<key>5</key>
										<integer>4</integer>
										<key>6</key>
										<integer>1165441287</integer>
										<key>7</key>
										<integer>1077894442</integer>
										<key>8</key>
										<integer>-1075032379</integer>
									</dict>
									<dict>
										<key>2</key>
										<integer>1</integer>
										<key>3</key>
										<integer>29</integer>
										<key>4</key>
										<integer>0</integer>
										<key>5</key>
										<integer>4</integer>
										<key>6</key>
										<integer>1183277223</integer>
										<key>7</key>
										<integer>1091264682</integer>
										<key>8</key>
										<integer>-1044982471</integer>
									</dict>
									<dict>
										<key>2</key>
										<integer>1</integer>
										<key>3</key>
										<integer>31</integer>
										<key>4</key>
										<integer>0</integer>
										<key>5</key>
										<integer>0</integer>
										<key>6</key>
										<integer>1183707213</integer>
										<key>7</key>
										<integer>1060439283</integer>
										<key>8</key>
										<integer>-1069504319</integer>
									</dict>
								</array>
							</dict>
							<key>PatchbayInfo</key>
							<dict/>
						</dict>
						<key>DspFunction1</key>
						<dict>
							<key>FunctionInfo</key>
							<dict>
								<key>DspFuncInstance</key>
								<integer>1</integer>
								<key>DspFuncName</key>
								<string>DspMultiBandCompressor</string>
								<key>DspFuncProcessingIndex</key>
								<integer>1</integer>
							</dict>
							<key>ParameterInfo</key>
							<dict>
								<key>1</key>
								<integer>0</integer>
								<key>2</key>
								<integer>0</integer>
								<key>21</key>
								<integer>0</integer>
								<key>26</key>
								<integer>1142292480</integer>
								<key>27</key>
								<integer>1184645120</integer>
								<key>28</key>
								<integer>1184645120</integer>
								<key>29</key>
								<integer>1</integer>
								<key>3</key>
								<integer>1</integer>
								<key>30</key>
								<integer>0</integer>
								<key>Compressor</key>
								<array>
									<dict>
										<key>10</key>
										<integer>1116471296</integer>
										<key>11</key>
										<integer>0</integer>
										<key>12</key>
										<integer>1065353216</integer>
										<key>13</key>
										<integer>0</integer>
										<key>14</key>
										<integer>0</integer>
										<key>15</key>
										<integer>1069547520</integer>
										<key>16</key>
										<integer>-1046478848</integer>
										<key>17</key>
										<integer>1071644672</integer>
										<key>18</key>
										<integer>1077936128</integer>
										<key>19</key>
										<integer>0</integer>
										<key>4</key>
										<integer>0</integer>
										<key>5</key>
										<integer>0</integer>
										<key>6</key>
										<integer>0</integer>
										<key>7</key>
										<integer>0</integer>
										<key>8</key>
										<integer>1</integer>
										<key>9</key>
										<integer>1082130432</integer>
									</dict>
									<dict>
										<key>10</key>
										<integer>1116471296</integer>
										<key>11</key>
										<integer>0</integer>
										<key>12</key>
										<integer>1065353216</integer>
										<key>13</key>
										<integer>0</integer>
										<key>14</key>
										<integer>0</integer>
										<key>15</key>
										<integer>1069547520</integer>
										<key>16</key>
										<integer>-1046478848</integer>
										<key>17</key>
										<integer>1071644672</integer>
										<key>18</key>
										<integer>1077936128</integer>
										<key>19</key>
										<integer>0</integer>
										<key>4</key>
										<integer>1</integer>
										<key>5</key>
										<integer>0</integer>
										<key>6</key>
										<integer>0</integer>
										<key>7</key>
										<integer>0</integer>
										<key>8</key>
										<integer>1</integer>
										<key>9</key>
										<integer>1082130432</integer>
									</dict>
								</array>
							</dict>
							<key>PatchbayInfo</key>
							<dict>
								<key>InputPort0</key>
								<dict>
									<key>PortInstance</key>
									<integer>0</integer>
									<key>PortWidth</key>
									<integer>1</integer>
									<key>SourceFuncInstance</key>
									<integer>0</integer>
									<key>SourcePortIndex</key>
									<integer>0</integer>
								</dict>
								<key>InputPort1</key>
								<dict>
									<key>PortInstance</key>
									<integer>1</integer>
									<key>PortWidth</key>
									<integer>1</integer>
									<key>SourceFuncInstance</key>
									<integer>0</integer>
									<key>SourcePortIndex</key>
									<integer>1</integer>
								</dict>
							</dict>
						</dict>
						<key>DspFunction10</key>
						<dict>
							<key>FunctionInfo</key>
							<dict>
								<key>DspFuncInstance</key>
								<integer>10</integer>
								<key>DspFuncName</key>
								<string>DspSplineLimiter</string>
								<key>DspFuncProcessingIndex</key>
								<integer>10</integer>
							</dict>
							<key>ParameterInfo</key>
							<dict>
								<key>1</key>
								<integer>0</integer>
								<key>2</key>
								<integer>0</integer>
								<key>3</key>
								<integer>1010311411</integer>
								<key>4</key>
								<integer>1027595262</integer>
								<key>5</key>
								<integer>0</integer>
								<key>6</key>
								<integer>1092616192</integer>
								<key>7</key>
								<integer>1056964608</integer>
							</dict>
							<key>PatchbayInfo</key>
							<dict>
								<key>InputPort0</key>
								<dict>
									<key>PortInstance</key>
									<integer>0</integer>
									<key>PortWidth</key>
									<integer>1</integer>
									<key>SourceFuncInstance</key>
									<integer>7</integer>
									<key>SourcePortIndex</key>
									<integer>0</integer>
								</dict>
								<key>InputPort1</key>
								<dict>
									<key>PortInstance</key>
									<integer>1</integer>
									<key>PortWidth</key>
									<integer>1</integer>
									<key>SourceFuncInstance</key>
									<integer>7</integer>
									<key>SourcePortIndex</key>
									<integer>1</integer>
								</dict>
							</dict>
						</dict>
						<key>DspFunction11</key>
						<dict>
							<key>FunctionInfo</key>
							<dict>
								<key>DspFuncInstance</key>
								<integer>11</integer>
								<key>DspFuncName</key>
								<string>Dsp4ChOutput</string>
								<key>DspFuncProcessingIndex</key>
								<integer>11</integer>
							</dict>
							<key>ParameterInfo</key>
							<dict>
								<key>1</key>
								<integer>0</integer>
								<key>10</key>
								<integer>0</integer>
								<key>11</key>
								<integer>0</integer>
								<key>12</key>
								<integer>0</integer>
								<key>13</key>
								<integer>0</integer>
								<key>14</key>
								<integer>0</integer>
								<key>15</key>
								<integer>0</integer>
								<key>16</key>
								<integer>0</integer>
								<key>17</key>
								<integer>0</integer>
								<key>2</key>
								<integer>1044228513</integer>
								<key>3</key>
								<integer>1044228513</integer>
								<key>4</key>
								<integer>0</integer>
								<key>5</key>
								<integer>0</integer>
								<key>6</key>
								<integer>0</integer>
								<key>7</key>
								<integer>0</integer>
								<key>8</key>
								<integer>0</integer>
								<key>9</key>
								<integer>0</integer>
							</dict>
							<key>PatchbayInfo</key>
							<dict>
								<key>InputPort0</key>
								<dict>
									<key>PortInstance</key>
									<integer>0</integer>
									<key>PortWidth</key>
									<integer>1</integer>
									<key>SourceFuncInstance</key>
									<integer>27</integer>
									<key>SourcePortIndex</key>
									<integer>0</integer>
								</dict>
								<key>InputPort1</key>
								<dict>
									<key>PortInstance</key>
									<integer>1</integer>
									<key>PortWidth</key>
									<integer>1</integer>
									<key>SourceFuncInstance</key>
									<integer>27</integer>
									<key>SourcePortIndex</key>
									<integer>1</integer>
								</dict>
								<key>InputPort2</key>
								<dict>
									<key>PortInstance</key>
									<integer>2</integer>
									<key>PortWidth</key>
									<integer>1</integer>
									<key>SourceFuncInstance</key>
									<integer>20</integer>
									<key>SourcePortIndex</key>
									<integer>0</integer>
								</dict>
								<key>InputPort3</key>
								<dict>
									<key>PortInstance</key>
									<integer>3</integer>
									<key>PortWidth</key>
									<integer>1</integer>
									<key>SourceFuncInstance</key>
									<integer>20</integer>
									<key>SourcePortIndex</key>
									<integer>1</integer>
								</dict>
							</dict>
						</dict>
						<key>DspFunction2</key>
						<dict>
							<key>FunctionInfo</key>
							<dict>
								<key>DspFuncInstance</key>
								<integer>2</integer>
								<key>DspFuncName</key>
								<string>DspMultiBandCompressor</string>
								<key>DspFuncProcessingIndex</key>
								<integer>2</integer>
							</dict>
							<key>ParameterInfo</key>
							<dict>
								<key>1</key>
								<integer>0</integer>
								<key>2</key>
								<integer>0</integer>
								<key>21</key>
								<integer>0</integer>
								<key>26</key>
								<integer>1142292480</integer>
								<key>27</key>
								<integer>1184645120</integer>
								<key>28</key>
								<integer>1184645120</integer>
								<key>29</key>
								<integer>1</integer>
								<key>3</key>
								<integer>1</integer>
								<key>30</key>
								<integer>0</integer>
								<key>Compressor</key>
								<array>
									<dict>
										<key>10</key>
										<integer>1115815936</integer>
										<key>11</key>
										<integer>-1056964608</integer>
										<key>12</key>
										<integer>1077516698</integer>
										<key>13</key>
										<integer>0</integer>
										<key>14</key>
										<integer>1</integer>
										<key>15</key>
										<integer>1069547520</integer>
										<key>16</key>
										<integer>-1056178176</integer>
										<key>17</key>
										<integer>1065353216</integer>
										<key>18</key>
										<integer>0</integer>
										<key>19</key>
										<integer>0</integer>
										<key>4</key>
										<integer>0</integer>
										<key>5</key>
										<integer>0</integer>
										<key>6</key>
										<integer>0</integer>
										<key>7</key>
										<integer>0</integer>
										<key>8</key>
										<integer>1</integer>
										<key>9</key>
										<integer>1077936128</integer>
									</dict>
									<dict>
										<key>10</key>
										<integer>1115815936</integer>
										<key>11</key>
										<integer>-1056964608</integer>
										<key>12</key>
										<integer>1077516698</integer>
										<key>13</key>
										<integer>0</integer>
										<key>14</key>
										<integer>1</integer>
										<key>15</key>
										<integer>1069547520</integer>
										<key>16</key>
										<integer>-1056178176</integer>
										<key>17</key>
										<integer>1065353216</integer>
										<key>18</key>
										<integer>0</integer>
										<key>19</key>
										<integer>0</integer>
										<key>4</key>
										<integer>1</integer>
										<key>5</key>
										<integer>0</integer>
										<key>6</key>
										<integer>0</integer>
										<key>7</key>
										<integer>0</integer>
										<key>8</key>
										<integer>1</integer>
										<key>9</key>
										<integer>1077936128</integer>
									</dict>
								</array>
							</dict>
							<key>PatchbayInfo</key>
							<dict>
								<key>InputPort0</key>
								<dict>
									<key>PortInstance</key>
									<integer>0</integer>
									<key>PortWidth</key>
									<integer>1</integer>
									<key>SourceFuncInstance</key>
									<integer>1</integer>
									<key>SourcePortIndex</key>
									<integer>0</integer>
								</dict>
								<key>InputPort1</key>
								<dict>
									<key>PortInstance</key>
									<integer>1</integer>
									<key>PortWidth</key>
									<integer>1</integer>
									<key>SourceFuncInstance</key>
									<integer>1</integer>
									<key>SourcePortIndex</key>
									<integer>1</integer>
								</dict>
							</dict>
						</dict>
						<key>DspFunction3</key>
						<dict>
							<key>FunctionInfo</key>
							<dict>
								<key>DspFuncInstance</key>
								<integer>3</integer>
								<key>DspFuncName</key>
								<string>DspLoudness</string>
								<key>DspFuncProcessingIndex</key>
								<integer>3</integer>
							</dict>
							<key>ParameterInfo</key>
							<dict>
								<key>1</key>
								<integer>0</integer>
								<key>10</key>
								<integer>1137180672</integer>
								<key>11</key>
								<integer>1155596288</integer>
								<key>12</key>
								<integer>1053609165</integer>
								<key>13</key>
								<integer>1053609165</integer>
								<key>14</key>
								<integer>-1049624576</integer>
								<key>15</key>
								<integer>-1039743764</integer>
								<key>16</key>
								<integer>-1051392235</integer>
								<key>17</key>
								<integer>-1068418278</integer>
								<key>2</key>
								<integer>0</integer>
								<key>3</key>
								<integer>0</integer>
								<key>4</key>
								<integer>0</integer>
								<key>5</key>
								<integer>0</integer>
							</dict>
							<key>PatchbayInfo</key>
							<dict>
								<key>InputPort0</key>
								<dict>
									<key>PortInstance</key>
									<integer>0</integer>
									<key>PortWidth</key>
									<integer>1</integer>
									<key>SourceFuncInstance</key>
									<integer>2</integer>
									<key>SourcePortIndex</key>
									<integer>0</integer>
								</dict>
								<key>InputPort1</key>
								<dict>
									<key>PortInstance</key>
									<integer>1</integer>
									<key>PortWidth</key>
									<integer>1</integer>
									<key>SourceFuncInstance</key>
									<integer>2</integer>
									<key>SourcePortIndex</key>
									<integer>1</integer>
								</dict>
							</dict>
						</dict>
						<key>DspFunction4</key>
						<dict>
							<key>FunctionInfo</key>
							<dict>
								<key>DspFuncInstance</key>
								<integer>4</integer>
								<key>DspFuncName</key>
								<string>DspCrossover2Dot2</string>
								<key>DspFuncProcessingIndex</key>
								<integer>4</integer>
							</dict>
							<key>ParameterInfo</key>
							<dict>
								<key>1</key>
								<integer>0</integer>
								<key>10</key>
								<integer>1163242797</integer>
								<key>2</key>
								<integer>2</integer>
								<key>3</key>
								<integer>1065353216</integer>
								<key>5</key>
								<integer>0</integer>
								<key>6</key>
								<integer>1172122925</integer>
								<key>7</key>
								<integer>1065353216</integer>
								<key>9</key>
								<integer>0</integer>
							</dict>
							<key>PatchbayInfo</key>
							<dict>
								<key>InputPort0</key>
								<dict>
									<key>PortInstance</key>
									<integer>0</integer>
									<key>PortWidth</key>
									<integer>1</integer>
									<key>SourceFuncInstance</key>
									<integer>3</integer>
									<key>SourcePortIndex</key>
									<integer>0</integer>
								</dict>
								<key>InputPort1</key>
								<dict>
									<key>PortInstance</key>
									<integer>1</integer>
									<key>PortWidth</key>
									<integer>1</integer>
									<key>SourceFuncInstance</key>
									<integer>3</integer>
									<key>SourcePortIndex</key>
									<integer>1</integer>
								</dict>
							</dict>
						</dict>
						<key>DspFunction5</key>
						<dict>
							<key>FunctionInfo</key>
							<dict>
								<key>DspFuncInstance</key>
								<integer>5</integer>
								<key>DspFuncName</key>
								<string>DspEqualization32</string>
								<key>DspFuncProcessingIndex</key>
								<integer>5</integer>
							</dict>
							<key>ParameterInfo</key>
							<dict>
								<key>1</key>
								<integer>0</integer>
								<key>9</key>
								<integer>0</integer>
								<key>Filter</key>
								<array>
									<dict>
										<key>2</key>
										<integer>0</integer>
										<key>3</key>
										<integer>6</integer>
										<key>4</key>
										<integer>0</integer>
										<key>5</key>
										<integer>4</integer>
										<key>6</key>
										<integer>1153433602</integer>
										<key>7</key>
										<integer>1079973958</integer>
										<key>8</key>
										<integer>-1062126828</integer>
									</dict>
									<dict>
										<key>2</key>
										<integer>0</integer>
										<key>3</key>
										<integer>7</integer>
										<key>4</key>
										<integer>0</integer>
										<key>5</key>
										<integer>4</integer>
										<key>6</key>
										<integer>1123445729</integer>
										<key>7</key>
										<integer>1086123094</integer>
										<key>8</key>
										<integer>-1067444805</integer>
									</dict>
									<dict>
										<key>2</key>
										<integer>0</integer>
										<key>3</key>
										<integer>8</integer>
										<key>4</key>
										<integer>0</integer>
										<key>5</key>
										<integer>4</integer>
										<key>6</key>
										<integer>1127389287</integer>
										<key>7</key>
										<integer>1084346743</integer>
										<key>8</key>
										<integer>-1073319056</integer>
									</dict>
									<dict>
										<key>2</key>
										<integer>0</integer>
										<key>3</key>
										<integer>9</integer>
										<key>4</key>
										<integer>0</integer>
										<key>5</key>
										<integer>4</integer>
										<key>6</key>
										<integer>1132044753</integer>
										<key>7</key>
										<integer>1091447784</integer>
										<key>8</key>
										<integer>-1067444805</integer>
									</dict>
									<dict>
										<key>2</key>
										<integer>0</integer>
										<key>3</key>
										<integer>10</integer>
										<key>4</key>
										<integer>0</integer>
										<key>5</key>
										<integer>4</integer>
										<key>6</key>
										<integer>1137498488</integer>
										<key>7</key>
										<integer>1088014104</integer>
										<key>8</key>
										<integer>-1070648942</integer>
									</dict>
									<dict>
										<key>2</key>
										<integer>0</integer>
										<key>3</key>
										<integer>11</integer>
										<key>4</key>
										<integer>0</integer>
										<key>5</key>
										<integer>4</integer>
										<key>6</key>
										<integer>1142550021</integer>
										<key>7</key>
										<integer>1089963892</integer>
										<key>8</key>
										<integer>-1071716987</integer>
									</dict>
									<dict>
										<key>2</key>
										<integer>0</integer>
										<key>3</key>
										<integer>12</integer>
										<key>4</key>
										<integer>0</integer>
										<key>5</key>
										<integer>4</integer>
										<key>6</key>
										<integer>1146462454</integer>
										<key>7</key>
										<integer>1094090772</integer>
										<key>8</key>
										<integer>-1063728896</integer>
									</dict>
									<dict>
										<key>2</key>
										<integer>0</integer>
										<key>3</key>
										<integer>13</integer>
										<key>4</key>
										<integer>0</integer>
										<key>5</key>
										<integer>4</integer>
										<key>6</key>
										<integer>1149423520</integer>
										<key>7</key>
										<integer>1093290263</integer>
										<key>8</key>
										<integer>-1063728896</integer>
									</dict>
									<dict>
										<key>2</key>
										<integer>0</integer>
										<key>3</key>
										<integer>14</integer>
										<key>4</key>
										<integer>0</integer>
										<key>5</key>
										<integer>4</integer>
										<key>6</key>
										<integer>1157094875</integer>
										<key>7</key>
										<integer>1091121734</integer>
										<key>8</key>
										<integer>-1064796942</integer>
									</dict>
									<dict>
										<key>2</key>
										<integer>0</integer>
										<key>3</key>
										<integer>15</integer>
										<key>4</key>
										<integer>0</integer>
										<key>5</key>
										<integer>4</integer>
										<key>6</key>
										<integer>1154640098</integer>
										<key>7</key>
										<integer>1103084516</integer>
										<key>8</key>
										<integer>-1062927862</integer>
									</dict>
									<dict>
										<key>2</key>
										<integer>0</integer>
										<key>3</key>
										<integer>16</integer>
										<key>4</key>
										<integer>0</integer>
										<key>5</key>
										<integer>4</integer>
										<key>6</key>
										<integer>1151168773</integer>
										<key>7</key>
										<integer>1101367758</integer>
										<key>8</key>
										<integer>-1057854646</integer>
									</dict>
									<dict>
										<key>2</key>
										<integer>0</integer>
										<key>3</key>
										<integer>17</integer>
										<key>4</key>
										<integer>0</integer>
										<key>5</key>
										<integer>4</integer>
										<key>6</key>
										<integer>1159773974</integer>
										<key>7</key>
										<integer>1087972476</integer>
										<key>8</key>
										<integer>-1058922691</integer>
									</dict>
									<dict>
										<key>2</key>
										<integer>0</integer>
										<key>3</key>
										<integer>18</integer>
										<key>4</key>
										<integer>0</integer>
										<key>5</key>
										<integer>4</integer>
										<key>6</key>
										<integer>1161974927</integer>
										<key>7</key>
										<integer>1090730808</integer>
										<key>8</key>
										<integer>-1055407041</integer>
									</dict>
									<dict>
										<key>2</key>
										<integer>0</integer>
										<key>3</key>
										<integer>19</integer>
										<key>4</key>
										<integer>0</integer>
										<key>5</key>
										<integer>4</integer>
										<key>6</key>
										<integer>1166370453</integer>
										<key>7</key>
										<integer>1089922372</integer>
										<key>8</key>
										<integer>-1060791771</integer>
									</dict>
									<dict>
										<key>2</key>
										<integer>0</integer>
										<key>3</key>
										<integer>24</integer>
										<key>4</key>
										<integer>0</integer>
										<key>5</key>
										<integer>4</integer>
										<key>6</key>
										<integer>1173789726</integer>
										<key>7</key>
										<integer>1086251957</integer>
										<key>8</key>
										<integer>-1055941064</integer>
									</dict>
									<dict>
										<key>2</key>
										<integer>0</integer>
										<key>3</key>
										<integer>25</integer>
										<key>4</key>
										<integer>0</integer>
										<key>5</key>
										<integer>4</integer>
										<key>6</key>
										<integer>1176973505</integer>
										<key>7</key>
										<integer>1090611743</integer>
										<key>8</key>
										<integer>-1047519080</integer>
									</dict>
									<dict>
										<key>2</key>
										<integer>0</integer>
										<key>3</key>
										<integer>31</integer>
										<key>4</key>
										<integer>0</integer>
										<key>5</key>
										<integer>0</integer>
										<key>6</key>
										<integer>1173986354</integer>
										<key>7</key>
										<integer>1060439283</integer>
										<key>8</key>
										<integer>-1069504319</integer>
									</dict>
									<dict>
										<key>2</key>
										<integer>1</integer>
										<key>3</key>
										<integer>6</integer>
										<key>4</key>
										<integer>0</integer>
										<key>5</key>
										<integer>4</integer>
										<key>6</key>
										<integer>1153433602</integer>
										<key>7</key>
										<integer>1079973958</integer>
										<key>8</key>
										<integer>-1062126828</integer>
									</dict>
									<dict>
										<key>2</key>
										<integer>1</integer>
										<key>3</key>
										<integer>7</integer>
										<key>4</key>
										<integer>0</integer>
										<key>5</key>
										<integer>4</integer>
										<key>6</key>
										<integer>1158161559</integer>
										<key>7</key>
										<integer>1076209620</integer>
										<key>8</key>
										<integer>-1066910782</integer>
									</dict>
									<dict>
										<key>2</key>
										<integer>1</integer>
										<key>3</key>
										<integer>8</integer>
										<key>4</key>
										<integer>0</integer>
										<key>5</key>
										<integer>4</integer>
										<key>6</key>
										<integer>1138112204</integer>
										<key>7</key>
										<integer>1087448228</integer>
										<key>8</key>
										<integer>-1071182965</integer>
									</dict>
									<dict>
										<key>2</key>
										<integer>1</integer>
										<key>3</key>
										<integer>9</integer>
										<key>4</key>
										<integer>0</integer>
										<key>5</key>
										<integer>4</integer>
										<key>6</key>
										<integer>1141821235</integer>
										<key>7</key>
										<integer>1082270240</integer>
										<key>8</key>
										<integer>-1071716987</integer>
									</dict>
									<dict>
										<key>2</key>
										<integer>1</integer>
										<key>3</key>
										<integer>10</integer>
										<key>4</key>
										<integer>0</integer>
										<key>5</key>
										<integer>4</integer>
										<key>6</key>
										<integer>1146270669</integer>
										<key>7</key>
										<integer>1087722853</integer>
										<key>8</key>
										<integer>-1069580896</integer>
									</dict>
									<dict>
										<key>2</key>
										<integer>1</integer>
										<key>3</key>
										<integer>11</integer>
										<key>4</key>
										<integer>0</integer>
										<key>5</key>
										<integer>4</integer>
										<key>6</key>
										<integer>1149346806</integer>
										<key>7</key>
										<integer>1091014675</integer>
										<key>8</key>
										<integer>-1070648942</integer>
									</dict>
									<dict>
										<key>2</key>
										<integer>1</integer>
										<key>3</key>
										<integer>12</integer>
										<key>4</key>
										<integer>0</integer>
										<key>5</key>
										<integer>4</integer>
										<key>6</key>
										<integer>1151130415</integer>
										<key>7</key>
										<integer>1089800036</integer>
										<key>8</key>
										<integer>-1065063953</integer>
									</dict>
									<dict>
										<key>2</key>
										<integer>1</integer>
										<key>3</key>
										<integer>13</integer>
										<key>4</key>
										<integer>0</integer>
										<key>5</key>
										<integer>4</integer>
										<key>6</key>
										<integer>1155189105</integer>
										<key>7</key>
										<integer>1087860781</integer>
										<key>8</key>
										<integer>-1059456714</integer>
									</dict>
									<dict>
										<key>2</key>
										<integer>1</integer>
										<key>3</key>
										<integer>14</integer>
										<key>4</key>
										<integer>0</integer>
										<key>5</key>
										<integer>4</integer>
										<key>6</key>
										<integer>1159273264</integer>
										<key>7</key>
										<integer>1086635806</integer>
										<key>8</key>
										<integer>-1063728896</integer>
									</dict>
									<dict>
										<key>2</key>
										<integer>1</integer>
										<key>3</key>
										<integer>15</integer>
										<key>4</key>
										<integer>0</integer>
										<key>5</key>
										<integer>4</integer>
										<key>6</key>
										<integer>1161800243</integer>
										<key>7</key>
										<integer>1090996311</integer>
										<key>8</key>
										<integer>-1053804973</integer>
									</dict>
									<dict>
										<key>2</key>
										<integer>1</integer>
										<key>3</key>
										<integer>16</integer>
										<key>4</key>
										<integer>0</integer>
										<key>5</key>
										<integer>4</integer>
										<key>6</key>
										<integer>1166692052</integer>
										<key>7</key>
										<integer>1094955050</integer>
										<key>8</key>
										<integer>-1061592805</integer>
									</dict>
									<dict>
										<key>2</key>
										<integer>1</integer>
										<key>3</key>
										<integer>20</integer>
										<key>4</key>
										<integer>0</integer>
										<key>5</key>
										<integer>4</integer>
										<key>6</key>
										<integer>1172432492</integer>
										<key>7</key>
										<integer>1093632869</integer>
										<key>8</key>
										<integer>-1047318821</integer>
									</dict>
									<dict>
										<key>2</key>
										<integer>1</integer>
										<key>3</key>
										<integer>21</integer>
										<key>4</key>
										<integer>0</integer>
										<key>5</key>
										<integer>4</integer>
										<key>6</key>
										<integer>1176227585</integer>
										<key>7</key>
										<integer>1089549680</integer>
										<key>8</key>
										<integer>-1050734342</integer>
									</dict>
									<dict>
										<key>2</key>
										<integer>1</integer>
										<key>3</key>
										<integer>22</integer>
										<key>4</key>
										<integer>0</integer>
										<key>5</key>
										<integer>4</integer>
										<key>6</key>
										<integer>1180630708</integer>
										<key>7</key>
										<integer>1093442618</integer>
										<key>8</key>
										<integer>-1044381696</integer>
									</dict>
									<dict>
										<key>2</key>
										<integer>1</integer>
										<key>3</key>
										<integer>23</integer>
										<key>4</key>
										<integer>0</integer>
										<key>5</key>
										<integer>4</integer>
										<key>6</key>
										<integer>1177873372</integer>
										<key>7</key>
										<integer>1091308289</integer>
										<key>8</key>
										<integer>-1052336410</integer>
									</dict>
									<dict>
										<key>2</key>
										<integer>1</integer>
										<key>3</key>
										<integer>31</integer>
										<key>4</key>
										<integer>0</integer>
										<key>5</key>
										<integer>0</integer>
										<key>6</key>
										<integer>1175449188</integer>
										<key>7</key>
										<integer>1060439283</integer>
										<key>8</key>
										<integer>-1069504319</integer>
									</dict>
								</array>
							</dict>
							<key>PatchbayInfo</key>
							<dict>
								<key>InputPort0</key>
								<dict>
									<key>PortInstance</key>
									<integer>0</integer>
									<key>PortWidth</key>
									<integer>1</integer>
									<key>SourceFuncInstance</key>
									<integer>4</integer>
									<key>SourcePortIndex</key>
									<integer>2</integer>
								</dict>
								<key>InputPort1</key>
								<dict>
									<key>PortInstance</key>
									<integer>1</integer>
									<key>PortWidth</key>
									<integer>1</integer>
									<key>SourceFuncInstance</key>
									<integer>4</integer>
									<key>SourcePortIndex</key>
									<integer>3</integer>
								</dict>
							</dict>
						</dict>
						<key>DspFunction6</key>
						<dict>
							<key>FunctionInfo</key>
							<dict>
								<key>DspFuncInstance</key>
								<integer>6</integer>
								<key>DspFuncName</key>
								<string>DspEqualization32</string>
								<key>DspFuncProcessingIndex</key>
								<integer>6</integer>
							</dict>
							<key>ParameterInfo</key>
							<dict>
								<key>1</key>
								<integer>0</integer>
								<key>9</key>
								<integer>0</integer>
								<key>Filter</key>
								<array>
									<dict>
										<key>2</key>
										<integer>0</integer>
										<key>3</key>
										<integer>0</integer>
										<key>4</key>
										<integer>0</integer>
										<key>5</key>
										<integer>1</integer>
										<key>6</key>
										<integer>1155939107</integer>
										<key>7</key>
										<integer>1060439283</integer>
										<key>8</key>
										<integer>-1069504319</integer>
									</dict>
									<dict>
										<key>2</key>
										<integer>0</integer>
										<key>3</key>
										<integer>2</integer>
										<key>4</key>
										<integer>0</integer>
										<key>5</key>
										<integer>4</integer>
										<key>6</key>
										<integer>1152345706</integer>
										<key>7</key>
										<integer>1077124114</integer>
										<key>8</key>
										<integer>-1057854646</integer>
									</dict>
									<dict>
										<key>2</key>
										<integer>0</integer>
										<key>3</key>
										<integer>9</integer>
										<key>4</key>
										<integer>0</integer>
										<key>5</key>
										<integer>4</integer>
										<key>6</key>
										<integer>1151815427</integer>
										<key>7</key>
										<integer>1076734712</integer>
										<key>8</key>
										<integer>-1054739513</integer>
									</dict>
									<dict>
										<key>2</key>
										<integer>0</integer>
										<key>3</key>
										<integer>10</integer>
										<key>4</key>
										<integer>0</integer>
										<key>5</key>
										<integer>4</integer>
										<key>6</key>
										<integer>1153635392</integer>
										<key>7</key>
										<integer>1082416857</integer>
										<key>8</key>
										<integer>-1058121657</integer>
									</dict>
									<dict>
										<key>2</key>
										<integer>0</integer>
										<key>3</key>
										<integer>17</integer>
										<key>4</key>
										<integer>0</integer>
										<key>5</key>
										<integer>4</integer>
										<key>6</key>
										<integer>1162832390</integer>
										<key>7</key>
										<integer>1088110487</integer>
										<key>8</key>
										<integer>-1080372607</integer>
									</dict>
									<dict>
										<key>2</key>
										<integer>0</integer>
										<key>3</key>
										<integer>18</integer>
										<key>4</key>
										<integer>0</integer>
										<key>5</key>
										<integer>4</integer>
										<key>6</key>
										<integer>1162045178</integer>
										<key>7</key>
										<integer>1075456384</integer>
										<key>8</key>
										<integer>-1044448449</integer>
									</dict>
									<dict>
										<key>2</key>
										<integer>0</integer>
										<key>3</key>
										<integer>19</integer>
										<key>4</key>
										<integer>0</integer>
										<key>5</key>
										<integer>4</integer>
										<key>6</key>
										<integer>1164802624</integer>
										<key>7</key>
										<integer>1077400082</integer>
										<key>8</key>
										<integer>-1071716987</integer>
									</dict>
									<dict>
										<key>2</key>
										<integer>0</integer>
										<key>3</key>
										<integer>24</integer>
										<key>4</key>
										<integer>0</integer>
										<key>5</key>
										<integer>4</integer>
										<key>6</key>
										<integer>1171772084</integer>
										<key>7</key>
										<integer>1093463540</integer>
										<key>8</key>
										<integer>-1065842737</integer>
									</dict>
									<dict>
										<key>2</key>
										<integer>0</integer>
										<key>3</key>
										<integer>25</integer>
										<key>4</key>
										<integer>0</integer>
										<key>5</key>
										<integer>4</integer>
										<key>6</key>
										<integer>1176808603</integer>
										<key>7</key>
										<integer>1090449160</integer>
										<key>8</key>
										<integer>-1059723725</integer>
									</dict>
									<dict>
										<key>2</key>
										<integer>0</integer>
										<key>3</key>
										<integer>31</integer>
										<key>4</key>
										<integer>0</integer>
										<key>5</key>
										<integer>0</integer>
										<key>6</key>
										<integer>1184020699</integer>
										<key>7</key>
										<integer>1060439283</integer>
										<key>8</key>
										<integer>-1069504319</integer>
									</dict>
									<dict>
										<key>2</key>
										<integer>1</integer>
										<key>3</key>
										<integer>0</integer>
										<key>4</key>
										<integer>0</integer>
										<key>5</key>
										<integer>1</integer>
										<key>6</key>
										<integer>1155939107</integer>
										<key>7</key>
										<integer>1060439283</integer>
										<key>8</key>
										<integer>-1069504319</integer>
									</dict>
									<dict>
										<key>2</key>
										<integer>1</integer>
										<key>3</key>
										<integer>2</integer>
										<key>4</key>
										<integer>0</integer>
										<key>5</key>
										<integer>4</integer>
										<key>6</key>
										<integer>1152345706</integer>
										<key>7</key>
										<integer>1077124114</integer>
										<key>8</key>
										<integer>-1057854646</integer>
									</dict>
									<dict>
										<key>2</key>
										<integer>1</integer>
										<key>3</key>
										<integer>10</integer>
										<key>4</key>
										<integer>0</integer>
										<key>5</key>
										<integer>4</integer>
										<key>6</key>
										<integer>1151911174</integer>
										<key>7</key>
										<integer>1074455582</integer>
										<key>8</key>
										<integer>-1047719338</integer>
									</dict>
									<dict>
										<key>2</key>
										<integer>1</integer>
										<key>3</key>
										<integer>11</integer>
										<key>4</key>
										<integer>0</integer>
										<key>5</key>
										<integer>4</integer>
										<key>6</key>
										<integer>1154558992</integer>
										<key>7</key>
										<integer>1089440189</integer>
										<key>8</key>
										<integer>-1055674053</integer>
									</dict>
									<dict>
										<key>2</key>
										<integer>1</integer>
										<key>3</key>
										<integer>13</integer>
										<key>4</key>
										<integer>0</integer>
										<key>5</key>
										<integer>4</integer>
										<key>6</key>
										<integer>1159869239</integer>
										<key>7</key>
										<integer>1091762332</integer>
										<key>8</key>
										<integer>-1066376759</integer>
									</dict>
									<dict>
										<key>2</key>
										<integer>1</integer>
										<key>3</key>
										<integer>14</integer>
										<key>4</key>
										<integer>0</integer>
										<key>5</key>
										<integer>4</integer>
										<key>6</key>
										<integer>1159996944</integer>
										<key>7</key>
										<integer>1079518382</integer>
										<key>8</key>
										<integer>-1059723725</integer>
									</dict>
									<dict>
										<key>2</key>
										<integer>1</integer>
										<key>3</key>
										<integer>15</integer>
										<key>4</key>
										<integer>0</integer>
										<key>5</key>
										<integer>4</integer>
										<key>6</key>
										<integer>1162832390</integer>
										<key>7</key>
										<integer>1082060895</integer>
										<key>8</key>
										<integer>-1046584540</integer>
									</dict>
									<dict>
										<key>2</key>
										<integer>1</integer>
										<key>3</key>
										<integer>16</integer>
										<key>4</key>
										<integer>0</integer>
										<key>5</key>
										<integer>4</integer>
										<key>6</key>
										<integer>1161904892</integer>
										<key>7</key>
										<integer>1093818960</integer>
										<key>8</key>
										<integer>-1063194874</integer>
									</dict>
									<dict>
										<key>2</key>
										<integer>1</integer>
										<key>3</key>
										<integer>19</integer>
										<key>4</key>
										<integer>0</integer>
										<key>5</key>
										<integer>4</integer>
										<key>6</key>
										<integer>1165040281</integer>
										<key>7</key>
										<integer>1086934086</integer>
										<key>8</key>
										<integer>-1058121657</integer>
									</dict>
									<dict>
										<key>2</key>
										<integer>1</integer>
										<key>3</key>
										<integer>20</integer>
										<key>4</key>
										<integer>0</integer>
										<key>5</key>
										<integer>4</integer>
										<key>6</key>
										<integer>1166954735</integer>
										<key>7</key>
										<integer>1097650111</integer>
										<key>8</key>
										<integer>-1063194874</integer>
									</dict>
									<dict>
										<key>2</key>
										<integer>1</integer>
										<key>3</key>
										<integer>23</integer>
										<key>4</key>
										<integer>0</integer>
										<key>5</key>
										<integer>4</integer>
										<key>6</key>
										<integer>1167702656</integer>
										<key>7</key>
										<integer>1099448734</integer>
										<key>8</key>
										<integer>-1079304561</integer>
									</dict>
									<dict>
										<key>2</key>
										<integer>1</integer>
										<key>3</key>
										<integer>24</integer>
										<key>4</key>
										<integer>0</integer>
										<key>5</key>
										<integer>4</integer>
										<key>6</key>
										<integer>1169946651</integer>
										<key>7</key>
										<integer>1105111001</integer>
										<key>8</key>
										<integer>-1072785033</integer>
									</dict>
									<dict>
										<key>2</key>
										<integer>1</integer>
										<key>3</key>
										<integer>25</integer>
										<key>4</key>
										<integer>0</integer>
										<key>5</key>
										<integer>4</integer>
										<key>6</key>
										<integer>1171979790</integer>
										<key>7</key>
										<integer>1093501420</integer>
										<key>8</key>
										<integer>-1066376759</integer>
									</dict>
									<dict>
										<key>2</key>
										<integer>1</integer>
										<key>3</key>
										<integer>27</integer>
										<key>4</key>
										<integer>0</integer>
										<key>5</key>
										<integer>4</integer>
										<key>6</key>
										<integer>1179757111</integer>
										<key>7</key>
										<integer>1082430315</integer>
										<key>8</key>
										<integer>-1058121657</integer>
									</dict>
									<dict>
										<key>2</key>
										<integer>1</integer>
										<key>3</key>
										<integer>31</integer>
										<key>4</key>
										<integer>0</integer>
										<key>5</key>
										<integer>0</integer>
										<key>6</key>
										<integer>1180630708</integer>
										<key>7</key>
										<integer>1060439283</integer>
										<key>8</key>
										<integer>-1069504319</integer>
									</dict>
								</array>
							</dict>
							<key>PatchbayInfo</key>
							<dict>
								<key>InputPort0</key>
								<dict>
									<key>PortInstance</key>
									<integer>0</integer>
									<key>PortWidth</key>
									<integer>1</integer>
									<key>SourceFuncInstance</key>
									<integer>4</integer>
									<key>SourcePortIndex</key>
									<integer>0</integer>
								</dict>
								<key>InputPort1</key>
								<dict>
									<key>PortInstance</key>
									<integer>1</integer>
									<key>PortWidth</key>
									<integer>1</integer>
									<key>SourceFuncInstance</key>
									<integer>4</integer>
									<key>SourcePortIndex</key>
									<integer>1</integer>
								</dict>
							</dict>
						</dict>
						<key>DspFunction7</key>
						<dict>
							<key>FunctionInfo</key>
							<dict>
								<key>DspFuncInstance</key>
								<integer>7</integer>
								<key>DspFuncName</key>
								<string>DspGainStage</string>
								<key>DspFuncProcessingIndex</key>
								<integer>7</integer>
							</dict>
							<key>ParameterInfo</key>
							<dict>
								<key>1</key>
								<integer>0</integer>
								<key>2</key>
								<integer>1078616770</integer>
								<key>3</key>
								<integer>1078616770</integer>
							</dict>
							<key>PatchbayInfo</key>
							<dict>
								<key>InputPort0</key>
								<dict>
									<key>PortInstance</key>
									<integer>0</integer>
									<key>PortWidth</key>
									<integer>1</integer>
									<key>SourceFuncInstance</key>
									<integer>6</integer>
									<key>SourcePortIndex</key>
									<integer>0</integer>
								</dict>
								<key>InputPort1</key>
								<dict>
									<key>PortInstance</key>
									<integer>1</integer>
									<key>PortWidth</key>
									<integer>1</integer>
									<key>SourceFuncInstance</key>
									<integer>6</integer>
									<key>SourcePortIndex</key>
									<integer>1</integer>
								</dict>
							</dict>
						</dict>
						<key>DspFunction8</key>
						<dict>
							<key>FunctionInfo</key>
							<dict>
								<key>DspFuncInstance</key>
								<integer>8</integer>
								<key>DspFuncName</key>
								<string>DspGainStage</string>
								<key>DspFuncProcessingIndex</key>
								<integer>8</integer>
							</dict>
							<key>ParameterInfo</key>
							<dict>
								<key>1</key>
								<integer>0</integer>
								<key>2</key>
								<integer>1065353216</integer>
								<key>3</key>
								<integer>1065353216</integer>
							</dict>
							<key>PatchbayInfo</key>
							<dict>
								<key>InputPort0</key>
								<dict>
									<key>PortInstance</key>
									<integer>0</integer>
									<key>PortWidth</key>
									<integer>1</integer>
									<key>SourceFuncInstance</key>
									<integer>5</integer>
									<key>SourcePortIndex</key>
									<integer>0</integer>
								</dict>
								<key>InputPort1</key>
								<dict>
									<key>PortInstance</key>
									<integer>1</integer>
									<key>PortWidth</key>
									<integer>1</integer>
									<key>SourceFuncInstance</key>
									<integer>5</integer>
									<key>SourcePortIndex</key>
									<integer>1</integer>
								</dict>
							</dict>
						</dict>
						<key>DspFunction9</key>
						<dict>
							<key>FunctionInfo</key>
							<dict>
								<key>DspFuncInstance</key>
								<integer>9</integer>
								<key>DspFuncName</key>
								<string>DspSplineLimiter</string>
								<key>DspFuncProcessingIndex</key>
								<integer>9</integer>
							</dict>
							<key>ParameterInfo</key>
							<dict>
								<key>1</key>
								<integer>0</integer>
								<key>2</key>
								<integer>0</integer>
								<key>3</key>
								<integer>976715828</integer>
								<key>4</key>
								<integer>1035489772</integer>
								<key>5</key>
								<integer>0</integer>
								<key>6</key>
								<integer>1092616192</integer>
								<key>7</key>
								<integer>1056964608</integer>
							</dict>
							<key>PatchbayInfo</key>
							<dict>
								<key>InputPort0</key>
								<dict>
									<key>PortInstance</key>
									<integer>0</integer>
									<key>PortWidth</key>
									<integer>1</integer>
									<key>SourceFuncInstance</key>
									<integer>8</integer>
									<key>SourcePortIndex</key>
									<integer>0</integer>
								</dict>
								<key>InputPort1</key>
								<dict>
									<key>PortInstance</key>
									<integer>1</integer>
									<key>PortWidth</key>
									<integer>1</integer>
									<key>SourceFuncInstance</key>
									<integer>8</integer>
									<key>SourcePortIndex</key>
									<integer>1</integer>
								</dict>
							</dict>
						</dict>
					</dict>
				</dict>
			</dict>
			<key>LineIn</key>
			<dict>
				<key>HeadsetMic_dBV</key>
				<integer>1088421888</integer>
				<key>MuteGPIO</key>
				<integer>1342242841</integer>
				<key>SignalProcessing</key>
				<dict>
					<key>SoftwareDSP</key>
					<dict>
						<key>DspFunction0</key>
						<dict>
							<key>FunctionInfo</key>
							<dict>
								<key>DspFuncInstance</key>
								<integer>0</integer>
								<key>DspFuncName</key>
								<string>DspNoiseReduction</string>
								<key>DspFuncProcessingIndex</key>
								<integer>0</integer>
							</dict>
							<key>ParameterInfo</key>
							<dict>
								<key>1</key>
								<integer>0</integer>
								<key>2</key>
								<integer>1</integer>
								<key>3</key>
								<integer>0</integer>
								<key>4</key>
								<integer>-1063256063</integer>
								<key>5</key>
								<data>
								O7qJwvAsd8Ix
								FYLCNC+Iwgh8
								h8JYT3zCTGxt
								wjCQbMLsb3/C
								58KIwmIAjcKq
								EZTCM22Xwr5/
								k8L6Q5DCUXiP
								whlqksKOQ5TC
								QS2XwkCYnMLS
								mqPCbK+owlyQ
								q8I0AazCbnGn
								wkmOosLZX6HC
								VuujwsbgqMLF
								76vCmNaswvjz
								qsKJLarC9luq
								wvxyqcLWr6XC
								dkajwulQpMJs
								1afCbmCqwqbp
								qcIaSKrCSrmp
								wjv+p8KjIqjC
								VkOowh9WqMLu
								n6nCudimwvIS
								p8K686rC+Kqo
								wpS1psL0aqnC
								rv6rwti3qcJ6
								XqfC0Hemws04
								psKaw6fCJrOq
								woMorMLbHq3C
								F8GswgJLr8Ku
								2a/C01aswjRi
								rMLYuq3C2TSw
								wuZ1ssLUerPC
								3H60wrzAtMJG
								97HCSAuxwu5w
								scKSarPCQGK1
								woYFtcIw7LHC
								OMuxwiKZs8K8
								YrXC6nO4ws5c
								u8KCa73CJjG+
								wqekvMK9RLnC
								4/a2wuKBt8Jy
								/LfCLty7wk/o
								vsICsr7ChC7A
								wtobw8LCI8PC
								qfnDwuBGxcK6
								5MTCf1jFwr65
								x8KDesrC7cHK
								wkXiysI+5c3C
								qh/Rwhmf0cIm
								vtPClErXwmrF
								18JUfdvCNi7f
								wty43cL+WdvC
								uqrawiIL3cKC
								R+HCYPDnwqQ6
								7MLYserCshHo
								wl7L6MK2guzC
								svrvwu4o8cJy
								fv7C
								</data>
							</dict>
							<key>PatchbayInfo</key>
							<dict/>
						</dict>
						<key>DspFunction1</key>
						<dict>
							<key>FunctionInfo</key>
							<dict>
								<key>DspFuncInstance</key>
								<integer>1</integer>
								<key>DspFuncName</key>
								<string>DspEqualization32</string>
								<key>DspFuncProcessingIndex</key>
								<integer>1</integer>
							</dict>
							<key>ParameterInfo</key>
							<dict>
								<key>1</key>
								<integer>0</integer>
								<key>9</key>
								<integer>0</integer>
								<key>Filter</key>
								<array>
									<dict>
										<key>2</key>
										<integer>0</integer>
										<key>3</key>
										<integer>0</integer>
										<key>4</key>
										<integer>0</integer>
										<key>5</key>
										<integer>1</integer>
										<key>6</key>
										<integer>1120623594</integer>
										<key>7</key>
										<integer>1060439283</integer>
										<key>8</key>
										<integer>-1069504319</integer>
									</dict>
									<dict>
										<key>2</key>
										<integer>0</integer>
										<key>3</key>
										<integer>3</integer>
										<key>4</key>
										<integer>0</integer>
										<key>5</key>
										<integer>4</integer>
										<key>6</key>
										<integer>1134130816</integer>
										<key>7</key>
										<integer>1068239080</integer>
										<key>8</key>
										<integer>-1073964333</integer>
									</dict>
									<dict>
										<key>2</key>
										<integer>0</integer>
										<key>3</key>
										<integer>4</integer>
										<key>4</key>
										<integer>0</integer>
										<key>5</key>
										<integer>4</integer>
										<key>6</key>
										<integer>1143149396</integer>
										<key>7</key>
										<integer>1069838081</integer>
										<key>8</key>
										<integer>-1072785033</integer>
									</dict>
									<dict>
										<key>2</key>
										<integer>0</integer>
										<key>3</key>
										<integer>5</integer>
										<key>4</key>
										<integer>0</integer>
										<key>5</key>
										<integer>4</integer>
										<key>6</key>
										<integer>1161109679</integer>
										<key>7</key>
										<integer>1093706804</integer>
										<key>8</key>
										<integer>-1069580896</integer>
									</dict>
									<dict>
										<key>2</key>
										<integer>0</integer>
										<key>3</key>
										<integer>7</integer>
										<key>4</key>
										<integer>0</integer>
										<key>5</key>
										<integer>4</integer>
										<key>6</key>
										<integer>1138536183</integer>
										<key>7</key>
										<integer>1094714319</integer>
										<key>8</key>
										<integer>-1069046873</integer>
									</dict>
									<dict>
										<key>2</key>
										<integer>0</integer>
										<key>3</key>
										<integer>9</integer>
										<key>4</key>
										<integer>0</integer>
										<key>5</key>
										<integer>4</integer>
										<key>6</key>
										<integer>1134823262</integer>
										<key>7</key>
										<integer>1088568216</integer>
										<key>8</key>
										<integer>-1073319056</integer>
									</dict>
									<dict>
										<key>2</key>
										<integer>0</integer>
										<key>3</key>
										<integer>10</integer>
										<key>4</key>
										<integer>0</integer>
										<key>5</key>
										<integer>4</integer>
										<key>6</key>
										<integer>1140763936</integer>
										<key>7</key>
										<integer>1095878445</integer>
										<key>8</key>
										<integer>-1066910782</integer>
									</dict>
									<dict>
										<key>2</key>
										<integer>0</integer>
										<key>3</key>
										<integer>11</integer>
										<key>4</key>
										<integer>0</integer>
										<key>5</key>
										<integer>4</integer>
										<key>6</key>
										<integer>1150711009</integer>
										<key>7</key>
										<integer>1082220668</integer>
										<key>8</key>
										<integer>-1072251010</integer>
									</dict>
									<dict>
										<key>2</key>
										<integer>0</integer>
										<key>3</key>
										<integer>22</integer>
										<key>4</key>
										<integer>0</integer>
										<key>5</key>
										<integer>4</integer>
										<key>6</key>
										<integer>1169045837</integer>
										<key>7</key>
										<integer>1080998247</integer>
										<key>8</key>
										<integer>-1076100424</integer>
									</dict>
									<dict>
										<key>2</key>
										<integer>0</integer>
										<key>3</key>
										<integer>23</integer>
										<key>4</key>
										<integer>0</integer>
										<key>5</key>
										<integer>6</integer>
										<key>6</key>
										<integer>1174718752</integer>
										<key>7</key>
										<integer>1074226939</integer>
										<key>8</key>
										<integer>-1065842737</integer>
									</dict>
									<dict>
										<key>2</key>
										<integer>0</integer>
										<key>3</key>
										<integer>24</integer>
										<key>4</key>
										<integer>0</integer>
										<key>5</key>
										<integer>4</integer>
										<key>6</key>
										<integer>1174256827</integer>
										<key>7</key>
										<integer>1091118565</integer>
										<key>8</key>
										<integer>-1065842737</integer>
									</dict>
									<dict>
										<key>2</key>
										<integer>1</integer>
										<key>3</key>
										<integer>0</integer>
										<key>4</key>
										<integer>0</integer>
										<key>5</key>
										<integer>1</integer>
										<key>6</key>
										<integer>1120623594</integer>
										<key>7</key>
										<integer>1060439283</integer>
										<key>8</key>
										<integer>-1069504319</integer>
									</dict>
									<dict>
										<key>2</key>
										<integer>1</integer>
										<key>3</key>
										<integer>3</integer>
										<key>4</key>
										<integer>0</integer>
										<key>5</key>
										<integer>4</integer>
										<key>6</key>
										<integer>1134130816</integer>
										<key>7</key>
										<integer>1068239080</integer>
										<key>8</key>
										<integer>-1073964333</integer>
									</dict>
									<dict>
										<key>2</key>
										<integer>1</integer>
										<key>3</key>
										<integer>4</integer>
										<key>4</key>
										<integer>0</integer>
										<key>5</key>
										<integer>4</integer>
										<key>6</key>
										<integer>1143149396</integer>
										<key>7</key>
										<integer>1069838081</integer>
										<key>8</key>
										<integer>-1072785033</integer>
									</dict>
									<dict>
										<key>2</key>
										<integer>1</integer>
										<key>3</key>
										<integer>5</integer>
										<key>4</key>
										<integer>0</integer>
										<key>5</key>
										<integer>4</integer>
										<key>6</key>
										<integer>1161109679</integer>
										<key>7</key>
										<integer>1093706804</integer>
										<key>8</key>
										<integer>-1069580896</integer>
									</dict>
									<dict>
										<key>2</key>
										<integer>1</integer>
										<key>3</key>
										<integer>7</integer>
										<key>4</key>
										<integer>0</integer>
										<key>5</key>
										<integer>4</integer>
										<key>6</key>
										<integer>1138536183</integer>
										<key>7</key>
										<integer>1094714319</integer>
										<key>8</key>
										<integer>-1069046873</integer>
									</dict>
									<dict>
										<key>2</key>
										<integer>1</integer>
										<key>3</key>
										<integer>9</integer>
										<key>4</key>
										<integer>0</integer>
										<key>5</key>
										<integer>4</integer>
										<key>6</key>
										<integer>1134823262</integer>
										<key>7</key>
										<integer>1088568216</integer>
										<key>8</key>
										<integer>-1073319056</integer>
									</dict>
									<dict>
										<key>2</key>
										<integer>1</integer>
										<key>3</key>
										<integer>10</integer>
										<key>4</key>
										<integer>0</integer>
										<key>5</key>
										<integer>4</integer>
										<key>6</key>
										<integer>1140763936</integer>
										<key>7</key>
										<integer>1095878445</integer>
										<key>8</key>
										<integer>-1066910782</integer>
									</dict>
									<dict>
										<key>2</key>
										<integer>1</integer>
										<key>3</key>
										<integer>11</integer>
										<key>4</key>
										<integer>0</integer>
										<key>5</key>
										<integer>4</integer>
										<key>6</key>
										<integer>1150711009</integer>
										<key>7</key>
										<integer>1082220668</integer>
										<key>8</key>
										<integer>-1072251010</integer>
									</dict>
									<dict>
										<key>2</key>
										<integer>1</integer>
										<key>3</key>
										<integer>22</integer>
										<key>4</key>
										<integer>0</integer>
										<key>5</key>
										<integer>4</integer>
										<key>6</key>
										<integer>1169045837</integer>
										<key>7</key>
										<integer>1080998247</integer>
										<key>8</key>
										<integer>-1076100424</integer>
									</dict>
									<dict>
										<key>2</key>
										<integer>1</integer>
										<key>3</key>
										<integer>23</integer>
										<key>4</key>
										<integer>0</integer>
										<key>5</key>
										<integer>6</integer>
										<key>6</key>
										<integer>1174718752</integer>
										<key>7</key>
										<integer>1074226939</integer>
										<key>8</key>
										<integer>-1065842737</integer>
									</dict>
									<dict>
										<key>2</key>
										<integer>1</integer>
										<key>3</key>
										<integer>24</integer>
										<key>4</key>
										<integer>0</integer>
										<key>5</key>
										<integer>4</integer>
										<key>6</key>
										<integer>1174256827</integer>
										<key>7</key>
										<integer>1091118565</integer>
										<key>8</key>
										<integer>-1065842737</integer>
									</dict>
								</array>
							</dict>
							<key>PatchbayInfo</key>
							<dict>
								<key>InputPort0</key>
								<dict>
									<key>PortInstance</key>
									<integer>0</integer>
									<key>PortWidth</key>
									<integer>1</integer>
									<key>SourceFuncInstance</key>
									<integer>0</integer>
									<key>SourcePortIndex</key>
									<integer>0</integer>
								</dict>
								<key>InputPort1</key>
								<dict>
									<key>PortInstance</key>
									<integer>1</integer>
									<key>PortWidth</key>
									<integer>1</integer>
									<key>SourceFuncInstance</key>
									<integer>0</integer>
									<key>SourcePortIndex</key>
									<integer>1</integer>
								</dict>
							</dict>
						</dict>
						<key>DspFunction2</key>
						<dict>
							<key>FunctionInfo</key>
							<dict>
								<key>DspFuncInstance</key>
								<integer>2</integer>
								<key>DspFuncName</key>
								<string>DspGainStage</string>
								<key>DspFuncProcessingIndex</key>
								<integer>2</integer>
							</dict>
							<key>ParameterInfo</key>
							<dict>
								<key>1</key>
								<integer>0</integer>
								<key>2</key>
								<integer>1065353216</integer>
								<key>3</key>
								<integer>1065353216</integer>
							</dict>
							<key>PatchbayInfo</key>
							<dict>
								<key>InputPort0</key>
								<dict>
									<key>PortInstance</key>
									<integer>0</integer>
									<key>PortWidth</key>
									<integer>1</integer>
									<key>SourceFuncInstance</key>
									<integer>1</integer>
									<key>SourcePortIndex</key>
									<integer>0</integer>
								</dict>
								<key>InputPort1</key>
								<dict>
									<key>PortInstance</key>
									<integer>1</integer>
									<key>PortWidth</key>
									<integer>1</integer>
									<key>SourceFuncInstance</key>
									<integer>1</integer>
									<key>SourcePortIndex</key>
									<integer>1</integer>
								</dict>
							</dict>
						</dict>
						<key>DspFunction3</key>
						<dict>
							<key>FunctionInfo</key>
							<dict>
								<key>DspFuncInstance</key>
								<integer>3</integer>
								<key>DspFuncName</key>
								<string>DspClientGainAdjustStage</string>
								<key>DspFuncProcessingIndex</key>
								<integer>3</integer>
							</dict>
							<key>ParameterInfo</key>
							<dict>
								<key>1</key>
								<integer>1</integer>
								<key>2</key>
								<integer>0</integer>
								<key>3</key>
								<integer>1082130432</integer>
								<key>4</key>
								<integer>1103626240</integer>
								<key>5</key>
								<integer>1</integer>
								<key>6</key>
								<integer>1082130432</integer>
								<key>7</key>
								<integer>3</integer>
								<key>8</key>
								<integer>0</integer>
							</dict>
							<key>PatchbayInfo</key>
							<dict>
								<key>InputPort0</key>
								<dict>
									<key>PortInstance</key>
									<integer>0</integer>
									<key>PortWidth</key>
									<integer>1</integer>
									<key>SourceFuncInstance</key>
									<integer>2</integer>
									<key>SourcePortIndex</key>
									<integer>0</integer>
								</dict>
								<key>InputPort1</key>
								<dict>
									<key>PortInstance</key>
									<integer>1</integer>
									<key>PortWidth</key>
									<integer>1</integer>
									<key>SourceFuncInstance</key>
									<integer>2</integer>
									<key>SourcePortIndex</key>
									<integer>1</integer>
								</dict>
							</dict>
						</dict>
					</dict>
				</dict>
			</dict>
			<key>Mic</key>
			<dict>
				<key>HeadsetMic_dBV</key>
				<integer>1088421888</integer>
				<key>MuteGPIO</key>
				<integer>0</integer>
				<key>SignalProcessing</key>
				<dict>
					<key>SoftwareDSP</key>
					<dict>
						<key>DspFunction0</key>
						<dict>
							<key>FunctionInfo</key>
							<dict>
								<key>DspFuncInstance</key>
								<integer>0</integer>
								<key>DspFuncName</key>
								<string>DspNoiseReduction</string>
								<key>DspFuncProcessingIndex</key>
								<integer>0</integer>
							</dict>
							<key>ParameterInfo</key>
							<dict>
								<key>1</key>
								<integer>0</integer>
								<key>2</key>
								<integer>1</integer>
								<key>3</key>
								<integer>0</integer>
								<key>4</key>
								<integer>-1063256063</integer>
								<key>5</key>
								<data>
								O7qJwvAsd8Ix
								FYLCNC+Iwgh8
								h8JYT3zCTGxt
								wjCQbMLsb3/C
								58KIwmIAjcKq
								EZTCM22Xwr5/
								k8L6Q5DCUXiP
								whlqksKOQ5TC
								QS2XwkCYnMLS
								mqPCbK+owlyQ
								q8I0AazCbnGn
								wkmOosLZX6HC
								VuujwsbgqMLF
								76vCmNaswvjz
								qsKJLarC9luq
								wvxyqcLWr6XC
								dkajwulQpMJs
								1afCbmCqwqbp
								qcIaSKrCSrmp
								wjv+p8KjIqjC
								VkOowh9WqMLu
								n6nCudimwvIS
								p8K686rC+Kqo
								wpS1psL0aqnC
								rv6rwti3qcJ6
								XqfC0Hemws04
								psKaw6fCJrOq
								woMorMLbHq3C
								F8GswgJLr8Ku
								2a/C01aswjRi
								rMLYuq3C2TSw
								wuZ1ssLUerPC
								3H60wrzAtMJG
								97HCSAuxwu5w
								scKSarPCQGK1
								woYFtcIw7LHC
								OMuxwiKZs8K8
								YrXC6nO4ws5c
								u8KCa73CJjG+
								wqekvMK9RLnC
								4/a2wuKBt8Jy
								/LfCLty7wk/o
								vsICsr7ChC7A
								wtobw8LCI8PC
								qfnDwuBGxcK6
								5MTCf1jFwr65
								x8KDesrC7cHK
								wkXiysI+5c3C
								qh/Rwhmf0cIm
								vtPClErXwmrF
								18JUfdvCNi7f
								wty43cL+WdvC
								uqrawiIL3cKC
								R+HCYPDnwqQ6
								7MLYserCshHo
								wl7L6MK2guzC
								svrvwu4o8cJy
								fv7C
								</data>
							</dict>
							<key>PatchbayInfo</key>
							<dict/>
						</dict>
						<key>DspFunction1</key>
						<dict>
							<key>FunctionInfo</key>
							<dict>
								<key>DspFuncInstance</key>
								<integer>1</integer>
								<key>DspFuncName</key>
								<string>DspEqualization32</string>
								<key>DspFuncProcessingIndex</key>
								<integer>1</integer>
							</dict>
							<key>ParameterInfo</key>
							<dict>
								<key>1</key>
								<integer>0</integer>
								<key>9</key>
								<integer>0</integer>
								<key>Filter</key>
								<array>
									<dict>
										<key>2</key>
										<integer>0</integer>
										<key>3</key>
										<integer>0</integer>
										<key>4</key>
										<integer>0</integer>
										<key>5</key>
										<integer>1</integer>
										<key>6</key>
										<integer>1120623594</integer>
										<key>7</key>
										<integer>1060439283</integer>
										<key>8</key>
										<integer>-1069504319</integer>
									</dict>
									<dict>
										<key>2</key>
										<integer>0</integer>
										<key>3</key>
										<integer>3</integer>
										<key>4</key>
										<integer>0</integer>
										<key>5</key>
										<integer>4</integer>
										<key>6</key>
										<integer>1134130816</integer>
										<key>7</key>
										<integer>1068239080</integer>
										<key>8</key>
										<integer>-1073964333</integer>
									</dict>
									<dict>
										<key>2</key>
										<integer>0</integer>
										<key>3</key>
										<integer>4</integer>
										<key>4</key>
										<integer>0</integer>
										<key>5</key>
										<integer>4</integer>
										<key>6</key>
										<integer>1143149396</integer>
										<key>7</key>
										<integer>1069838081</integer>
										<key>8</key>
										<integer>-1072785033</integer>
									</dict>
									<dict>
										<key>2</key>
										<integer>0</integer>
										<key>3</key>
										<integer>5</integer>
										<key>4</key>
										<integer>0</integer>
										<key>5</key>
										<integer>4</integer>
										<key>6</key>
										<integer>1161109679</integer>
										<key>7</key>
										<integer>1093706804</integer>
										<key>8</key>
										<integer>-1069580896</integer>
									</dict>
									<dict>
										<key>2</key>
										<integer>0</integer>
										<key>3</key>
										<integer>7</integer>
										<key>4</key>
										<integer>0</integer>
										<key>5</key>
										<integer>4</integer>
										<key>6</key>
										<integer>1138536183</integer>
										<key>7</key>
										<integer>1094714319</integer>
										<key>8</key>
										<integer>-1069046873</integer>
									</dict>
									<dict>
										<key>2</key>
										<integer>0</integer>
										<key>3</key>
										<integer>9</integer>
										<key>4</key>
										<integer>0</integer>
										<key>5</key>
										<integer>4</integer>
										<key>6</key>
										<integer>1134823262</integer>
										<key>7</key>
										<integer>1088568216</integer>
										<key>8</key>
										<integer>-1073319056</integer>
									</dict>
									<dict>
										<key>2</key>
										<integer>0</integer>
										<key>3</key>
										<integer>10</integer>
										<key>4</key>
										<integer>0</integer>
										<key>5</key>
										<integer>4</integer>
										<key>6</key>
										<integer>1140763936</integer>
										<key>7</key>
										<integer>1095878445</integer>
										<key>8</key>
										<integer>-1066910782</integer>
									</dict>
									<dict>
										<key>2</key>
										<integer>0</integer>
										<key>3</key>
										<integer>11</integer>
										<key>4</key>
										<integer>0</integer>
										<key>5</key>
										<integer>4</integer>
										<key>6</key>
										<integer>1150711009</integer>
										<key>7</key>
										<integer>1082220668</integer>
										<key>8</key>
										<integer>-1072251010</integer>
									</dict>
									<dict>
										<key>2</key>
										<integer>0</integer>
										<key>3</key>
										<integer>22</integer>
										<key>4</key>
										<integer>0</integer>
										<key>5</key>
										<integer>4</integer>
										<key>6</key>
										<integer>1169045837</integer>
										<key>7</key>
										<integer>1080998247</integer>
										<key>8</key>
										<integer>-1076100424</integer>
									</dict>
									<dict>
										<key>2</key>
										<integer>0</integer>
										<key>3</key>
										<integer>23</integer>
										<key>4</key>
										<integer>0</integer>
										<key>5</key>
										<integer>6</integer>
										<key>6</key>
										<integer>1174718752</integer>
										<key>7</key>
										<integer>1074226939</integer>
										<key>8</key>
										<integer>-1065842737</integer>
									</dict>
									<dict>
										<key>2</key>
										<integer>0</integer>
										<key>3</key>
										<integer>24</integer>
										<key>4</key>
										<integer>0</integer>
										<key>5</key>
										<integer>4</integer>
										<key>6</key>
										<integer>1174256827</integer>
										<key>7</key>
										<integer>1091118565</integer>
										<key>8</key>
										<integer>-1065842737</integer>
									</dict>
									<dict>
										<key>2</key>
										<integer>1</integer>
										<key>3</key>
										<integer>0</integer>
										<key>4</key>
										<integer>0</integer>
										<key>5</key>
										<integer>1</integer>
										<key>6</key>
										<integer>1120623594</integer>
										<key>7</key>
										<integer>1060439283</integer>
										<key>8</key>
										<integer>-1069504319</integer>
									</dict>
									<dict>
										<key>2</key>
										<integer>1</integer>
										<key>3</key>
										<integer>3</integer>
										<key>4</key>
										<integer>0</integer>
										<key>5</key>
										<integer>4</integer>
										<key>6</key>
										<integer>1134130816</integer>
										<key>7</key>
										<integer>1068239080</integer>
										<key>8</key>
										<integer>-1073964333</integer>
									</dict>
									<dict>
										<key>2</key>
										<integer>1</integer>
										<key>3</key>
										<integer>4</integer>
										<key>4</key>
										<integer>0</integer>
										<key>5</key>
										<integer>4</integer>
										<key>6</key>
										<integer>1143149396</integer>
										<key>7</key>
										<integer>1069838081</integer>
										<key>8</key>
										<integer>-1072785033</integer>
									</dict>
									<dict>
										<key>2</key>
										<integer>1</integer>
										<key>3</key>
										<integer>5</integer>
										<key>4</key>
										<integer>0</integer>
										<key>5</key>
										<integer>4</integer>
										<key>6</key>
										<integer>1161109679</integer>
										<key>7</key>
										<integer>1093706804</integer>
										<key>8</key>
										<integer>-1069580896</integer>
									</dict>
									<dict>
										<key>2</key>
										<integer>1</integer>
										<key>3</key>
										<integer>7</integer>
										<key>4</key>
										<integer>0</integer>
										<key>5</key>
										<integer>4</integer>
										<key>6</key>
										<integer>1138536183</integer>
										<key>7</key>
										<integer>1094714319</integer>
										<key>8</key>
										<integer>-1069046873</integer>
									</dict>
									<dict>
										<key>2</key>
										<integer>1</integer>
										<key>3</key>
										<integer>9</integer>
										<key>4</key>
										<integer>0</integer>
										<key>5</key>
										<integer>4</integer>
										<key>6</key>
										<integer>1134823262</integer>
										<key>7</key>
										<integer>1088568216</integer>
										<key>8</key>
										<integer>-1073319056</integer>
									</dict>
									<dict>
										<key>2</key>
										<integer>1</integer>
										<key>3</key>
										<integer>10</integer>
										<key>4</key>
										<integer>0</integer>
										<key>5</key>
										<integer>4</integer>
										<key>6</key>
										<integer>1140763936</integer>
										<key>7</key>
										<integer>1095878445</integer>
										<key>8</key>
										<integer>-1066910782</integer>
									</dict>
									<dict>
										<key>2</key>
										<integer>1</integer>
										<key>3</key>
										<integer>11</integer>
										<key>4</key>
										<integer>0</integer>
										<key>5</key>
										<integer>4</integer>
										<key>6</key>
										<integer>1150711009</integer>
										<key>7</key>
										<integer>1082220668</integer>
										<key>8</key>
										<integer>-1072251010</integer>
									</dict>
									<dict>
										<key>2</key>
										<integer>1</integer>
										<key>3</key>
										<integer>22</integer>
										<key>4</key>
										<integer>0</integer>
										<key>5</key>
										<integer>4</integer>
										<key>6</key>
										<integer>1169045837</integer>
										<key>7</key>
										<integer>1080998247</integer>
										<key>8</key>
										<integer>-1076100424</integer>
									</dict>
									<dict>
										<key>2</key>
										<integer>1</integer>
										<key>3</key>
										<integer>23</integer>
										<key>4</key>
										<integer>0</integer>
										<key>5</key>
										<integer>6</integer>
										<key>6</key>
										<integer>1174718752</integer>
										<key>7</key>
										<integer>1074226939</integer>
										<key>8</key>
										<integer>-1065842737</integer>
									</dict>
									<dict>
										<key>2</key>
										<integer>1</integer>
										<key>3</key>
										<integer>24</integer>
										<key>4</key>
										<integer>0</integer>
										<key>5</key>
										<integer>4</integer>
										<key>6</key>
										<integer>1174256827</integer>
										<key>7</key>
										<integer>1091118565</integer>
										<key>8</key>
										<integer>-1065842737</integer>
									</dict>
								</array>
							</dict>
							<key>PatchbayInfo</key>
							<dict>
								<key>InputPort0</key>
								<dict>
									<key>PortInstance</key>
									<integer>0</integer>
									<key>PortWidth</key>
									<integer>1</integer>
									<key>SourceFuncInstance</key>
									<integer>0</integer>
									<key>SourcePortIndex</key>
									<integer>0</integer>
								</dict>
								<key>InputPort1</key>
								<dict>
									<key>PortInstance</key>
									<integer>1</integer>
									<key>PortWidth</key>
									<integer>1</integer>
									<key>SourceFuncInstance</key>
									<integer>0</integer>
									<key>SourcePortIndex</key>
									<integer>1</integer>
								</dict>
							</dict>
						</dict>
						<key>DspFunction2</key>
						<dict>
							<key>FunctionInfo</key>
							<dict>
								<key>DspFuncInstance</key>
								<integer>2</integer>
								<key>DspFuncName</key>
								<string>DspGainStage</string>
								<key>DspFuncProcessingIndex</key>
								<integer>2</integer>
							</dict>
							<key>ParameterInfo</key>
							<dict>
								<key>1</key>
								<integer>0</integer>
								<key>2</key>
								<integer>1065353216</integer>
								<key>3</key>
								<integer>1065353216</integer>
							</dict>
							<key>PatchbayInfo</key>
							<dict>
								<key>InputPort0</key>
								<dict>
									<key>PortInstance</key>
									<integer>0</integer>
									<key>PortWidth</key>
									<integer>1</integer>
									<key>SourceFuncInstance</key>
									<integer>1</integer>
									<key>SourcePortIndex</key>
									<integer>0</integer>
								</dict>
								<key>InputPort1</key>
								<dict>
									<key>PortInstance</key>
									<integer>1</integer>
									<key>PortWidth</key>
									<integer>1</integer>
									<key>SourceFuncInstance</key>
									<integer>1</integer>
									<key>SourcePortIndex</key>
									<integer>1</integer>
								</dict>
							</dict>
						</dict>
						<key>DspFunction3</key>
						<dict>
							<key>FunctionInfo</key>
							<dict>
								<key>DspFuncInstance</key>
								<integer>3</integer>
								<key>DspFuncName</key>
								<string>DspClientGainAdjustStage</string>
								<key>DspFuncProcessingIndex</key>
								<integer>3</integer>
							</dict>
							<key>ParameterInfo</key>
							<dict>
								<key>1</key>
								<integer>1</integer>
								<key>2</key>
								<integer>0</integer>
								<key>3</key>
								<integer>1082130432</integer>
								<key>4</key>
								<integer>1103626240</integer>
								<key>5</key>
								<integer>1</integer>
								<key>6</key>
								<integer>1082130432</integer>
								<key>7</key>
								<integer>3</integer>
								<key>8</key>
								<integer>0</integer>
							</dict>
							<key>PatchbayInfo</key>
							<dict>
								<key>InputPort0</key>
								<dict>
									<key>PortInstance</key>
									<integer>0</integer>
									<key>PortWidth</key>
									<integer>1</integer>
									<key>SourceFuncInstance</key>
									<integer>2</integer>
									<key>SourcePortIndex</key>
									<integer>0</integer>
								</dict>
								<key>InputPort1</key>
								<dict>
									<key>PortInstance</key>
									<integer>1</integer>
									<key>PortWidth</key>
									<integer>1</integer>
									<key>SourceFuncInstance</key>
									<integer>2</integer>
									<key>SourcePortIndex</key>
									<integer>1</integer>
								</dict>
							</dict>
						</dict>
					</dict>
				</dict>
			</dict>
			<key>Outputs</key>
			<array>
				<string>Headphone</string>
				<string>IntSpeaker</string>
			</array>
			<key>PathMapID</key>
			<integer>256</integer>
		</dict>
	</array>
</dict>
</plist>
